transaction_id,customer_id,customer_name,email,purchase_date,product_category,product_name,quantity,unit_price,total_amount,payment_method,shipping_country,customer_age,discount_percent,Unnamed: 14,net_amount,customer_segment,date_month,total_amount_in_usd,Actual_discount_in_dollars,is_repeat_customer,purchase_quarter,month,time,order_value
TRX001,C001,John Smith,john@email.com,2024-01-15,Electronics,Laptop,1,999.99,999.99,Credit Card,USA,28,0,,199.99800000000002,high,2024-01,1999.9600002000002,-999.9700002000002,True,1,January,1,999.99
TRX002,C002,Sarah Johnson,sarah.johnson@mail.com,2024-01-16,Books,Python Guide,3,29.99,89.97,PayPal,Canada,35,10,,17.994,low,2024-01,16.1892018,73.78079819999999,True,1,January,1,89.97
TRX003,C003,Mike Williams,mike@yahoo.com,2024-01-16,Electronics,USB Cable,10,5.99,,Debit Card,USA,40,5,,,low,2024-01,,,True,1,January,1,59.900000000000006
TRX004,C001,John Smith,john.smith@email.com,2024-01-17,Clothing,T-Shirt,2,19.99,39.98,Credit Card,USA,28,0,,7.9959999999999996,low,2024-01,3.196800799999999,36.7831992,True,1,January,1,39.98
TRX005,C004,Emily Chen,emily_c@email.com,2024-01-18,Books,Data Science 101,1,45.0,45.0,Credit Card,UK,42,15,,9.0,low,2024-01,4.05,40.95,False,1,January,1,45.0
TRX006,C005,Robert Brown,robert@email.com,2024-01-19,Electronics,Monitor,1,349.99,,PayPal,USA,51,10,,,low,2024-01,,,False,1,January,1,349.99
TRX007,C002,Sarah Johnson,sarah@email.com,2024-01-20,Clothing,Jeans,1,79.99,79.99,Credit Card,Canada,35,20,,15.998,low,2024-01,12.796800199999998,67.1931998,True,1,January,1,79.99
TRX008,C006,Jessica Martinez,j.martinez@email.com,2024-01-21,Home,Coffee Maker,1,89.99,89.99,Debit Card,USA,29,0,,17.998,low,2024-01,16.1964002,73.7935998,False,1,January,1,89.99
TRX009,C007,David Lee,david.lee@hotmail.com,2024-01-22,Electronics,Headphones,2,149.99,299.98,Credit Card,USA,33,0,,59.99600000000001,medium,2024-01,179.97600080000004,120.00399919999998,False,1,January,1,299.98
TRX010,C003,Mike Williams,mike.williams@email.com,2024-01-23,Books,The Art of Code,1,55.0,55.0,PayPal,USA,34,0,,11.0,low,2024-01,6.05,48.95,True,1,January,1,55.0
TRX011,C008,Anna Garcia,anna_garcia@email.com,2024-01-24,Clothing,Dress,3,59.99,179.97,Credit Card,France,26,12,,35.994,medium,2024-01,64.7784018,115.1915982,False,1,January,1,179.97
TRX012,C009,Christopher White,chris@email.com,2024-01-25,Electronics,Keyboard,1,99.99,99.99,Credit Card,Germany,45,5,,19.998,low,2024-01,19.9960002,79.9939998,False,1,January,1,99.99
TRX013,C010,Laura Martinez,laura@email.com,2024-01-26,Home,Blender,1,129.99,129.99,PayPal,USA,38,25,,25.998000000000005,medium,2024-01,33.79480020000001,96.1951998,False,1,January,1,129.99
TRX014,C002,Sarah Johnson,sarah.j@email.com,2024-01-27,Books,Machine Learning Basics,2,65.0,130.0,Debit Card,Canada,35,0,,26.0,medium,2024-01,33.800000000000004,96.19999999999999,True,1,January,1,130.0
TRX015,C011,Michael Johnson,michael.j@email.com,2024-01-28,Electronics,Monitor,1,349.99,349.99,Credit Card,USA,41,0,,69.998,medium,2024-01,244.98600020000003,105.00399979999997,False,1,January,1,349.99
TRX016,C012,Patricia Brown,patricia@email.com,2024-01-29,Clothing,Jacket,2,299.99,299.99,Credit Card,USA,55,15,,59.998000000000005,medium,2024-01,179.98800020000002,120.0019998,False,1,January,1,599.98
TRX017,C013,Andrew Davis,andrew.davis@yahoo.com,2024-01-30,Books,Web Dev Guide,1,39.99,39.99,PayPal,USA,29,10,,7.998000000000001,low,2024-01,3.1984002000000005,36.7915998,False,1,January,1,39.99
TRX018,C014,Nicole Wilson,nicole_w@email.com,2024-01-31,Home,Toaster,2,34.99,69.98,Credit Card,USA,31,0,,13.996000000000002,low,2024-01,9.794400800000002,60.1855992,False,1,January,1,69.98
TRX019,C015,Daniel Rodriguez,daniel@email.com,2024-02-01,Electronics,Mouse,5,29.99,69.8,Credit Card,USA,27,5,5.0,13.96,low,2024-02,9.74408,60.05592,False,1,February,2,149.95
TRX020,C016,Sandra Lee,sandra.lee@email.com,2024-02-02,Clothing,Sweater,1,89.99,89.99,Credit Card,USA,33,0,,17.998,low,2024-02,16.1964002,73.7935998,False,1,February,2,89.99
TRX021,C002,Sarah Johnson,sarah_j@email.com,2024-02-03,Books,Database Design,1,55.0,55.0,PayPal,Canada,35,20,,11.0,low,2024-02,6.05,48.95,True,1,February,2,55.0
TRX022,C017,Thomas Clark,thomas@email.com,2024-02-04,Electronics,USB Hub,3,24.99,74.97,Debit Card,USA,50,0,,14.994,low,2024-02,11.2410018,63.7289982,False,1,February,2,74.97
TRX023,C018,Amanda Taylor,amanda.t@email.com,2024-02-05,Home,Microwave,1,199.99,199.99,Credit Card,USA,42,10,,39.998000000000005,medium,2024-02,79.99200020000002,119.99799979999999,False,1,February,2,199.99
TRX024,C019,Kevin Miller,kevin_m@email.com,2024-02-06,Clothing,Shoes,1,129.99,129.99,PayPal,USA,38,25,,25.998000000000005,medium,2024-02,33.79480020000001,96.1951998,False,1,February,2,129.99
TRX025,C020,Sophia Anderson,sophia@email.com,2024-02-07,Books,AI Fundamentals,1,49.99,49.99,Credit Card,USA,28,0,,9.998000000000001,low,2024-02,4.998000200000001,44.9919998,False,1,February,2,49.99
TRX026,C021,Matthew Thomas,matthew.t@email.com,2024-02-08,Electronics,Monitor,1,349.99,349.99,Credit Card,USA,35,5,,69.998,medium,2024-02,244.98600020000003,105.00399979999997,False,1,February,2,349.99
TRX027,C022,Olivia Jackson,olivia.j@email.com,2024-02-09,Clothing,Pants,2,69.99,139.98,Debit Card,Canada,31,15,,27.996,medium,2024-02,39.188800799999996,100.7911992,False,1,February,2,139.98
TRX028,C023,Christopher White,christopher@email.com,2024-02-10,Home,Air Fryer,1,159.99,159.99,Credit Card,USA,44,0,,31.998000000000005,medium,2024-02,51.19360020000001,108.79639979999999,False,1,February,2,159.99
TRX029,C024,Isabella Harris,isabella.h@email.com,2024-02-11,Books,Python Advanced,1,59.99,59.99,PayPal,USA,26,0,,11.998000000000001,low,2024-02,7.197600200000001,52.7923998,False,1,February,2,59.99
TRX030,C025,Benjamin Martin,b.martin@email.com,2024-02-12,Electronics,Laptop,1,1299.99,-1299.99,Credit Card,USA,52,40,,-259.998,low,2024-02,3379.9480002,-4679.9380002,False,1,February,2,1299.99
